<?xml version="1.0"?>
<!--<!DOCTYPE metadata SYSTEM "http://www.esri.com/metadata/esriprof80.dtd">-->
<metadata xml:lang="en"><Esri><CreaDate>20071129</CreaDate><CreaTime>09483700</CreaTime><SyncOnce>FALSE</SyncOnce><SyncDate>20121204</SyncDate><SyncTime>16060300</SyncTime><ModDate>20121204</ModDate><ModTime>16060300</ModTime><DataProperties><lineage><Process Name="FeatureClassToFeatureClass_5" ToolSource="C:\arcgis\ArcToolbox\Toolboxes\Conversion Tools.tbx\FeatureClassToFeatureClass" Date="20070606" Time="170958">FeatureClassToFeatureClass H:\dataware\datadev\layers_vcgi\tourism\trails\gmc\LongTrailSystem.shp H:\dataware\datadev\layers_vcgi\tourism\trails\new_trails_data.gdb\TourismTrails_LTSYSTEM LTSYSTEM # "CLASS CLASS true false false 20 Text 0 0 ,First,#,H:\dataware\datadev\layers_vcgi\tourism\trails\gmc\LongTrailSystem.shp,CLASS,-1,-1;SOURCE SOURCE true false false 20 Text 0 0 ,First,#,H:\dataware\datadev\layers_vcgi\tourism\trails\gmc\LongTrailSystem.shp,SOURCE,-1,-1;NOTES NOTES true false false 50 Text 0 0 ,First,#,H:\dataware\datadev\layers_vcgi\tourism\trails\gmc\LongTrailSystem.shp,NOTES,-1,-1;MILES MILES true false false 31 Double 15 30 ,First,#,H:\dataware\datadev\layers_vcgi\tourism\trails\gmc\LongTrailSystem.shp,MILES,-1,-1;SOURCE0 SOURCE0 true false false 10 Text 0 0 ,First,#,H:\dataware\datadev\layers_vcgi\tourism\trails\gmc\LongTrailSystem.shp,SOURCE0,-1,-1;DATE_ DATE_ true true false 8 Date 0 0 ,First,#,H:\dataware\datadev\layers_vcgi\tourism\trails\gmc\LongTrailSystem.shp,DATE,-1,-1" # H:\dataware\datadev\layers_vcgi\tourism\trails\new_trails_data.gdb\TourismTrails_LTSYSTEM\LTSYSTEM</Process><Process Name="FeatureClassToFeatureClass_1" ToolSource="C:\arcgis\ArcToolbox\Toolboxes\Conversion Tools.tbx\FeatureClassToFeatureClass" Date="20070614" Time="134150">FeatureClassToFeatureClass "Database Connections\VCGI_Admin connection to GDB_VCGI.sde\GDB_VCGI.VCGI_ADMIN.TourismTrails_LTSYSTEM\GDB_VCGI.VCGI_ADMIN.Tourism_LTSYSTEM_line" "Database Connections\VCGI_Admin connection to GDB_VCGI.sde\GDB_VCGI.VCGI_ADMIN.TourismTrails_LTSYSTEM" Tourism_LTSYSTEM_line_new # "CLASS CLASS true true false 20 Text 0 0 ,First,#,Database Connections\VCGI_Admin connection to GDB_VCGI.sde\GDB_VCGI.VCGI_ADMIN.TourismTrails_LTSYSTEM\GDB_VCGI.VCGI_ADMIN.Tourism_LTSYSTEM_line,CLASS,-1,-1;SOURCE SOURCE true true false 20 Text 0 0 ,First,#,Database Connections\VCGI_Admin connection to GDB_VCGI.sde\GDB_VCGI.VCGI_ADMIN.TourismTrails_LTSYSTEM\GDB_VCGI.VCGI_ADMIN.Tourism_LTSYSTEM_line,SOURCE,-1,-1;NOTES NOTES true true false 50 Text 0 0 ,First,#,Database Connections\VCGI_Admin connection to GDB_VCGI.sde\GDB_VCGI.VCGI_ADMIN.TourismTrails_LTSYSTEM\GDB_VCGI.VCGI_ADMIN.Tourism_LTSYSTEM_line,NOTES,-1,-1;MILES MILES true true false 8 Double 8 38 ,First,#,Database Connections\VCGI_Admin connection to GDB_VCGI.sde\GDB_VCGI.VCGI_ADMIN.TourismTrails_LTSYSTEM\GDB_VCGI.VCGI_ADMIN.Tourism_LTSYSTEM_line,MILES,-1,-1;METHOD METHOD true true false 10 Text 0 0 ,First,#,Database Connections\VCGI_Admin connection to GDB_VCGI.sde\GDB_VCGI.VCGI_ADMIN.TourismTrails_LTSYSTEM\GDB_VCGI.VCGI_ADMIN.Tourism_LTSYSTEM_line,SOURCE0,-1,-1;UPD_DATE UPD_DATE true true false 36 Date 0 0 ,First,#,Database Connections\VCGI_Admin connection to GDB_VCGI.sde\GDB_VCGI.VCGI_ADMIN.TourismTrails_LTSYSTEM\GDB_VCGI.VCGI_ADMIN.Tourism_LTSYSTEM_line,DATE_,-1,-1" # "Database Connections\VCGI_Admin connection to GDB_VCGI.sde\GDB_VCGI.VCGI_ADMIN.TourismTrails_LTSYSTEM\GDB_VCGI.VCGI_ADMIN.Tourism_LTSYSTEM_line_new"</Process><Process ToolSource="C:\Program Files\ArcGIS\Desktop10.0\ArcToolbox\Toolboxes\Data Management Tools.tbx\CopyFeatures" Date="20121204" Time="160603">CopyFeatures "Database Connections\vcgi_user connection to GDB_VCGI.sde\GDB_VCGI.VCGI_ADMIN.TourismTrails_LTSYSTEM\GDB_VCGI.VCGI_ADMIN.Tourism_LTSYSTEM_line" H:\dataware\datadev\zip_all_data\Layers_VCGI\shptemp\Tourism_LTSYSTEM_line.shp # 0 0 0</Process></lineage><itemProps><itemName Sync="TRUE">Tourism_LTSYSTEM_line</itemName><imsContentType Sync="TRUE">002</imsContentType><itemSize Sync="TRUE">0.000</itemSize><itemLocation><linkage Sync="TRUE">file://\\winooski\h_share\dataware\datadev\zip_all_data\Layers_VCGI\shptemp\Tourism_LTSYSTEM_line.shp</linkage><protocol Sync="TRUE">Local Area Network</protocol></itemLocation></itemProps><coordRef><type Sync="TRUE">Projected</type><geogcsn Sync="TRUE">GCS_North_American_1983</geogcsn><csUnits Sync="TRUE">Linear Unit: Meter (1.000000)</csUnits><projcsn Sync="TRUE">NAD_1983_StatePlane_Vermont_FIPS_4400</projcsn><peXml Sync="TRUE">&lt;ProjectedCoordinateSystem xsi:type='typens:ProjectedCoordinateSystem' xmlns:xsi='http://www.w3.org/2001/XMLSchema-instance' xmlns:xs='http://www.w3.org/2001/XMLSchema' xmlns:typens='http://www.esri.com/schemas/ArcGIS/10.0'&gt;&lt;WKT&gt;PROJCS[&amp;quot;NAD_1983_StatePlane_Vermont_FIPS_4400&amp;quot;,GEOGCS[&amp;quot;GCS_North_American_1983&amp;quot;,DATUM[&amp;quot;D_North_American_1983&amp;quot;,SPHEROID[&amp;quot;GRS_1980&amp;quot;,6378137.0,298.257222101]],PRIMEM[&amp;quot;Greenwich&amp;quot;,0.0],UNIT[&amp;quot;Degree&amp;quot;,0.0174532925199433]],PROJECTION[&amp;quot;Transverse_Mercator&amp;quot;],PARAMETER[&amp;quot;False_Easting&amp;quot;,500000.0],PARAMETER[&amp;quot;False_Northing&amp;quot;,0.0],PARAMETER[&amp;quot;Central_Meridian&amp;quot;,-72.5],PARAMETER[&amp;quot;Scale_Factor&amp;quot;,0.9999642857142858],PARAMETER[&amp;quot;Latitude_Of_Origin&amp;quot;,42.5],UNIT[&amp;quot;Meter&amp;quot;,1.0],AUTHORITY[&amp;quot;EPSG&amp;quot;,32145]]&lt;/WKT&gt;&lt;XOrigin&gt;-5123000&lt;/XOrigin&gt;&lt;YOrigin&gt;-14708800&lt;/YOrigin&gt;&lt;XYScale&gt;450278912.53279358&lt;/XYScale&gt;&lt;ZOrigin&gt;-100000&lt;/ZOrigin&gt;&lt;ZScale&gt;10000&lt;/ZScale&gt;&lt;MOrigin&gt;-100000&lt;/MOrigin&gt;&lt;MScale&gt;10000&lt;/MScale&gt;&lt;XYTolerance&gt;0.001&lt;/XYTolerance&gt;&lt;ZTolerance&gt;0.001&lt;/ZTolerance&gt;&lt;MTolerance&gt;0.001&lt;/MTolerance&gt;&lt;HighPrecision&gt;true&lt;/HighPrecision&gt;&lt;WKID&gt;32145&lt;/WKID&gt;&lt;/ProjectedCoordinateSystem&gt;</peXml></coordRef></DataProperties><MetaID>{24A26259-0D1A-4A2D-B053-74122609B345}</MetaID></Esri><idinfo><native Sync="TRUE">Microsoft Windows XP Version 5.1 (Build 2600) Service Pack 2; ESRI ArcCatalog 9.2.2.1350</native><descript><langdata Sync="TRUE">en</langdata><abstract>REQUIRED: A brief narrative summary of the data set.</abstract><purpose>REQUIRED: A summary of the intentions with which the data set was developed.</purpose></descript><citation><citeinfo><origin>REQUIRED: The name of an organization or individual that developed the data set.</origin><pubdate>REQUIRED: The date when the data set is published or otherwise made available for release.</pubdate><title Sync="TRUE">GDB_VCGI.VCGI_ADMIN.Tourism_LTSYSTEM_line_new</title><ftname Sync="TRUE">GDB_VCGI.VCGI_ADMIN.Tourism_LTSYSTEM_line_new</ftname><geoform Sync="TRUE">vector digital data</geoform><onlink Sync="TRUE">Server=vcgidata; Service=vcgi_sde; Database=GDB_VCGI; User=vcgi_admin; Version=sde.DEFAULT</onlink></citeinfo></citation><timeperd><current>REQUIRED: The basis on which the time period of content information is determined.</current><timeinfo><sngdate><caldate>REQUIRED: The year (and optionally month, or month and day) for which the data set corresponds to the ground.</caldate></sngdate></timeinfo></timeperd><status><progress>REQUIRED: The state of the data set.</progress><update>REQUIRED: The frequency with which changes and additions are made to the data set after the initial data set is completed.</update></status><spdom><bounding><westbc Sync="TRUE">REQUIRED: Western-most coordinate of the limit of coverage expressed in longitude.</westbc><eastbc Sync="TRUE">REQUIRED: Eastern-most coordinate of the limit of coverage expressed in longitude.</eastbc><northbc Sync="TRUE">REQUIRED: Northern-most coordinate of the limit of coverage expressed in latitude.</northbc><southbc Sync="TRUE">REQUIRED: Southern-most coordinate of the limit of coverage expressed in latitude.</southbc></bounding></spdom><keywords><theme><themekt>REQUIRED: Reference to a formally registered thesaurus or a similar authoritative source of theme keywords.</themekt><themekey>REQUIRED: Common-use word or phrase used to describe the subject of the data set.</themekey></theme></keywords><accconst>REQUIRED: Restrictions and legal prerequisites for accessing the data set.</accconst><useconst>REQUIRED: Restrictions and legal prerequisites for using the data set after access is granted.</useconst><natvform Sync="TRUE">SDE Feature Class</natvform></idinfo><dataIdInfo><envirDesc Sync="TRUE">Microsoft Windows 7 Version 6.1 (Build 7601) Service Pack 1; ESRI ArcGIS 10.0.3.3600</envirDesc><dataLang><languageCode Sync="TRUE" value="eng"></languageCode><countryCode value="USA" Sync="TRUE"></countryCode></dataLang><idCitation><resTitle Sync="TRUE">Tourism_LTSYSTEM_line</resTitle><presForm><PresFormCd Sync="TRUE" value="005"></PresFormCd></presForm></idCitation><spatRpType><SpatRepTypCd Sync="TRUE" value="001"></SpatRepTypCd></spatRpType></dataIdInfo><metainfo><langmeta Sync="TRUE">en</langmeta><metstdn Sync="TRUE">FGDC Content Standards for Digital Geospatial Metadata</metstdn><metstdv Sync="TRUE">FGDC-STD-001-1998</metstdv><mettc Sync="TRUE">local time</mettc><metc><cntinfo><cntorgp><cntper>REQUIRED: The person responsible for the metadata information.</cntper><cntorg>REQUIRED: The organization responsible for the metadata information.</cntorg></cntorgp><cntaddr><addrtype>REQUIRED: The mailing and/or physical address for the organization or individual.</addrtype><city>REQUIRED: The city of the address.</city><state>REQUIRED: The state or province of the address.</state><postal>REQUIRED: The ZIP or other postal code of the address.</postal></cntaddr><cntvoice>REQUIRED: The telephone number by which individuals can speak to the organization or individual.</cntvoice></cntinfo></metc><metd Sync="TRUE">20070614</metd></metainfo><mdLang><languageCode Sync="TRUE" value="eng"></languageCode><countryCode value="USA" Sync="TRUE"></countryCode></mdLang><mdStanName Sync="TRUE">ISO 19115 Geographic Information - Metadata</mdStanName><mdStanVer Sync="TRUE">DIS_ESRI1.0</mdStanVer><mdChar><CharSetCd Sync="TRUE" value="004"></CharSetCd></mdChar><mdHrLv><ScopeCd Sync="TRUE" value="005"></ScopeCd></mdHrLv><mdHrLvName Sync="TRUE">dataset</mdHrLvName><distinfo><resdesc Sync="TRUE">Downloadable Data</resdesc></distinfo><distInfo><distributor><distorTran><onLineSrc><orDesc Sync="TRUE">002</orDesc><linkage Sync="TRUE">Server=vcgidata; Service=vcgi_sde; Database=GDB_VCGI; User=vcgi_admin; Version=sde.DEFAULT</linkage><protocol Sync="TRUE">ArcSDE Connection</protocol></onLineSrc></distorTran><distorFormat><formatName Sync="TRUE">SDE Feature Class</formatName></distorFormat></distributor><distFormat><formatName Sync="TRUE">Shapefile</formatName></distFormat><distTranOps><transSize Sync="TRUE">0.000</transSize></distTranOps></distInfo><spdoinfo><direct Sync="TRUE">Vector</direct><ptvctinf><esriterm><efeatyp Sync="TRUE">Simple</efeatyp><efeageom code="3" Sync="TRUE"></efeageom><esritopo Sync="TRUE">FALSE</esritopo><efeacnt Sync="TRUE">0</efeacnt><spindex Sync="TRUE">FALSE</spindex><linrefer Sync="TRUE">FALSE</linrefer></esriterm></ptvctinf></spdoinfo><spref><horizsys><cordsysn><geogcsn Sync="TRUE">GCS_North_American_1983</geogcsn><projcsn Sync="TRUE">NAD_1983_StatePlane_Vermont_FIPS_4400</projcsn></cordsysn><planar><planci><plance Sync="TRUE">coordinate pair</plance><plandu Sync="TRUE">meters</plandu><coordrep><absres Sync="TRUE">0.000156</absres><ordres Sync="TRUE">0.000156</ordres></coordrep></planci></planar><geodetic><horizdn Sync="TRUE">North American Datum of 1983</horizdn><ellips Sync="TRUE">Geodetic Reference System 80</ellips><semiaxis Sync="TRUE">6378137.000000</semiaxis><denflat Sync="TRUE">298.257222</denflat></geodetic></horizsys><vertdef><altsys><altenc Sync="TRUE">Explicit elevation coordinate included with horizontal coordinates</altenc><altres Sync="TRUE">1.000000</altres></altsys></vertdef></spref><refSysInfo><RefSystem><refSysID><identCode Sync="TRUE" value="32145">NAD_1983_StatePlane_Vermont_FIPS_4400</identCode><idCodeSpace Sync="TRUE">EPSG</idCodeSpace><idVersion Sync="TRUE">7.4.1</idVersion></refSysID></RefSystem></refSysInfo><spatRepInfo><VectSpatRep><geometObjs Name="Tourism_LTSYSTEM_line"><geoObjTyp><GeoObjTypCd value="002" Sync="TRUE"></GeoObjTypCd></geoObjTyp><geoObjCnt Sync="TRUE">0</geoObjCnt></geometObjs><topLvl><TopoLevCd value="001" Sync="TRUE"></TopoLevCd></topLvl></VectSpatRep></spatRepInfo><eainfo><detailed Name="Tourism_LTSYSTEM_line"><enttyp><enttypl Sync="TRUE">Tourism_LTSYSTEM_line</enttypl><enttypt Sync="TRUE">Feature Class</enttypt><enttypc Sync="TRUE">0</enttypc></enttyp><attr><attrlabl Sync="TRUE">SHAPE</attrlabl><attalias Sync="TRUE">FID</attalias><attrtype Sync="TRUE">OID</attrtype><attwidth Sync="TRUE">4</attwidth><atprecis Sync="TRUE">0</atprecis><attscale Sync="TRUE">0</attscale><attrdef Sync="TRUE">Feature geometry.</attrdef><attrdefs Sync="TRUE">ESRI</attrdefs><attrdomv><udom Sync="TRUE">Coordinates defining the features.</udom></attrdomv></attr><attr><attrlabl Sync="TRUE">Shape</attrlabl><attalias Sync="TRUE">SOURCE</attalias><attrtype Sync="TRUE">String</attrtype><attwidth Sync="TRUE">20</attwidth><atprecis Sync="TRUE">0</atprecis><attscale Sync="TRUE">0</attscale><attrdef Sync="TRUE">Feature geometry.</attrdef><attrdefs Sync="TRUE">ESRI</attrdefs><attrdomv><udom Sync="TRUE">Coordinates defining the features.</udom></attrdomv></attr><attr><attrlabl Sync="TRUE">SOURCE</attrlabl><attalias Sync="TRUE">NOTES</attalias><attrtype Sync="TRUE">String</attrtype><attwidth Sync="TRUE">50</attwidth><atprecis Sync="TRUE">0</atprecis><attscale Sync="TRUE">0</attscale></attr><attr><attrlabl Sync="TRUE">NOTES</attrlabl><attalias Sync="TRUE">MILES</attalias><attrtype Sync="TRUE">Double</attrtype><attwidth Sync="TRUE">19</attwidth><atprecis Sync="TRUE">18</atprecis><attscale Sync="TRUE">8</attscale></attr><attr><attrlabl Sync="TRUE">MILES</attrlabl><attalias Sync="TRUE">METHOD</attalias><attrtype Sync="TRUE">String</attrtype><attwidth Sync="TRUE">10</attwidth><atprecis Sync="TRUE">0</atprecis><attscale Sync="TRUE">0</attscale></attr><attr><attrlabl Sync="TRUE">METHOD</attrlabl><attalias Sync="TRUE">CLASS</attalias><attrtype Sync="TRUE">String</attrtype><attwidth Sync="TRUE">20</attwidth><atprecis Sync="TRUE">0</atprecis><attscale Sync="TRUE">0</attscale></attr><attr><attrlabl Sync="TRUE">CLASS</attrlabl><attalias Sync="TRUE">UPD_DATE</attalias><attrtype Sync="TRUE">Date</attrtype><attwidth Sync="TRUE">8</attwidth><atprecis Sync="TRUE">0</atprecis><attscale Sync="TRUE">0</attscale></attr><attr><attrlabl Sync="TRUE">UPD_DATE</attrlabl><attalias Sync="TRUE">Shape</attalias><attrtype Sync="TRUE">Geometry</attrtype><attwidth Sync="TRUE">0</attwidth><atprecis Sync="TRUE">0</atprecis><attscale Sync="TRUE">0</attscale><attrdef Sync="TRUE">Feature geometry.</attrdef><attrdefs Sync="TRUE">ESRI</attrdefs><attrdomv><udom Sync="TRUE">Coordinates defining the features.</udom></attrdomv></attr><attr><attrlabl Sync="TRUE">SHAPE_len</attrlabl><attalias Sync="TRUE">SHAPE_len</attalias><attrtype Sync="TRUE">Double</attrtype><attwidth Sync="TRUE">19</attwidth><atprecis Sync="TRUE">0</atprecis><attscale Sync="TRUE">0</attscale></attr></detailed></eainfo><mdDateSt Sync="TRUE">20121204</mdDateSt><dataqual><lineage><procstep><procdesc Sync="TRUE">Dataset copied.</procdesc><srcused Sync="TRUE">\\vcgi\hdrive\dataware\datadev\layers_vcgi\tourism\trails\new_trails_data.gdb</srcused><date Sync="TRUE">20070606</date><time Sync="TRUE">17311800</time></procstep><procstep><procdesc Sync="TRUE">Dataset copied.</procdesc><srcused Sync="TRUE">Server=vcgidata; Service=ddev_sde; Database=GDB_ddev; User=vcgi_steves; Version=sde.DEFAULT</srcused><date Sync="TRUE">20070606</date><time Sync="TRUE">17371700</time></procstep><procstep><procdesc Sync="TRUE">Dataset copied.</procdesc><srcused Sync="TRUE">Server=vcgidata; Service=vcgi_sde; Database=GDB_VCGI; User=vcgi_user; Version=sde.DEFAULT</srcused><date Sync="TRUE">20070618</date><time Sync="TRUE">17000300</time></procstep><procstep><procdesc Sync="TRUE">Dataset copied.</procdesc><srcused Sync="TRUE">\\VCGI14\D$\burn_temp\vgisdata_sdedump\sdedump20070615\GDB_VCGI.gdb</srcused><date Sync="TRUE">20070619</date><time Sync="TRUE">22412000</time></procstep><procstep><procdesc Sync="TRUE">Dataset copied.</procdesc><srcused Sync="TRUE">Server=vcgidata; Service=vcgi_sde; Database=GDB_VCGI; User=vcgi_user; Version=sde.DEFAULT</srcused><date Sync="TRUE">20071126</date><time Sync="TRUE">15240200</time></procstep><procstep><procdesc Sync="TRUE">Dataset copied.</procdesc><srcused Sync="TRUE">\\VCGI9\vcgi9_temp\sysupgrade\sdedump_11212007\GDB_VCGI.gdb</srcused><date Sync="TRUE">20071129</date><time Sync="TRUE">09483700</time></procstep></lineage></dataqual></metadata>
