<?xml version="1.0" encoding="ISO-8859-1"?>
<metadata>
<idinfo>
<citation>
<citeinfo>
<origin>Green Mountain Club</origin>
<pubdate>20060601</pubdate>
<pubtime>unknown</pubtime>
<title>TourismTrails_LTSYSTEM</title>
<edition>2006A</edition>
<geoform>vector digital data</geoform>
<serinfo>
<sername>Long Trail System trail network</sername>
<issue>2006A</issue>
</serinfo>
<pubinfo>
<pubplace>Waterbury Center, VT</pubplace>
<publish>Green Mountain Club</publish>
</pubinfo>
<othercit>Tile Structure - STATE</othercit>
<onlink>http://www.vcgi.org/dataware/default.cfm?layer=TourismTrails_LTSYSTEM</onlink>
<onlink>http://www.vcgi.org/dataware/default.cfm?layer=TourismTrails_LTSYSTEM&amp;mapit=yes</onlink>
<onlink>http://maps.vcgi.org:8080/wmsconnector/com.esri.wms.Esrimap?servicename=DATAWARE_VCGI&amp;VERSION=1.1.1&amp;request=getmap&amp;BBOX=-73.45416,42.72279,-71.46528,45.018356&amp;SRS=EPSG:4326&amp;LAYERS=TOURISM_LTSYSTEM_LINE&amp;WIDTH=300&amp;HEIGHT=400&amp;FORMAT=image/gif</onlink>
</citeinfo>
</citation>
<descript>
<abstract>
The LTSYSTEM data layer includes all trails within the Long Trail (LT) System.  The LTSYSTEM layer also
includes the portion of the Appalachian Trail (AT) within Vermont.  The Green Mountain Club (GMC) manages the Long
Trail System.  The LTSYSTEM layer was developed by the GMC from a variety of sources
</abstract>
<purpose>To depict the location and extent of all trails within the Long Trail System.</purpose>
</descript>
<timeperd>
<timeinfo>
<sngdate>
<caldate>20060601</caldate>
<time>Unknown</time>
</sngdate>
</timeinfo>
<current>Publication Date</current>
</timeperd>
<status>
<progress>Complete</progress>
<update>Unknown</update>
</status>
<spdom>
<bounding>
<westbc>-73.454162</westbc>
<eastbc>-71.465281</eastbc>
<northbc>45.018361</northbc>
<southbc>42.722789</southbc>
</bounding>
</spdom>
<keywords>
<theme>
<themekt>ISO 19115 Topic Category</themekt>
<themekey>society</themekey>
</theme>
<theme>
<themekt>None</themekt>
<themekey>Long Trail System</themekey>
<themekey>Long Trail</themekey>
<themekey>Trails</themekey>
<themekey>Green Mountain Club</themekey>
</theme>
<place>
<placekt>None</placekt>
<placekey>Vermont</placekey>
</place>
<temporal>
<tempkt>None</tempkt>
<tempkey>2003</tempkey>
</temporal>
</keywords>
<accconst>VCGI, the Green Mountain Club, and the State of VT make no representations of any kind, including but not limited to the warranties of merchantability or fitness for a particular use, nor are any such warranties to be implied with respect to the data.</accconst>
<useconst>
The Green Mountain Club DOES NOT PERMIT the use of this data (LTSYSTEM) for the production of commercial
hiking/trail maps of any kind.  Violators will be prosecuted to the fullest extent of the law.  The data can be used by
non-profit and public sector organizations for the production of maps which are not for sale.
</useconst>
<ptcontac>
<cntinfo>
<cntorgp>
<cntorg>Green Mountain Club</cntorg>
</cntorgp>
<cntaddr>
<addrtype>Mailing and Physical Address</addrtype>
<address>4711 Waterbury-Stowe Rd</address>
<city>Waterbury Center</city>
<state>VT</state>
<postal>05677</postal>
<country>USA</country>
</cntaddr>
<cntvoice>802-244-7037</cntvoice>
<cnttdd>None</cnttdd>
<cntfax>802-244-5867</cntfax>
<cntemail>gmc@greenmountainclub.org</cntemail>
<hours>9am - 5pm, M-F</hours>
</cntinfo>
</ptcontac>
<browse>
<browsen>http://maps.vcgi.org:8080/wmsconnector/com.esri.wms.Esrimap?servicename=DATAWARE_VCGI&amp;VERSION=1.1.1&amp;request=getmap&amp;BBOX=-73.45416,42.72279,-71.46528,45.018356&amp;SRS=EPSG:4326&amp;LAYERS=TOURISM_LTSYSTEM_LINE&amp;WIDTH=300&amp;HEIGHT=400&amp;FORMAT=image/gif</browsen>
<browsed>GIF</browsed>
<browset>GIF</browset>
</browse>
<datacred>Green Mountain Club</datacred>
<secinfo>
<secsys>N/A</secsys>
<secclass>Unclassified</secclass>
<sechandl>No Security Considerations</sechandl>
</secinfo>
<native>Arc/Info</native>
</idinfo>
<dataqual>
<attracc>
<attraccr>Has not been assessed by GMC.</attraccr>
</attracc>
<logic>
The LTSYSTEM data layer includes all trails within the Long Trail System in VT.  It also
includes the Appalachian Trail within the State of Vermont.
</logic>
<posacc>
<horizpa>
<horizpar>
Has not been assessed by GMC.  The data was derived from a variety of sources, therefore
the positional accuracy will vary.  Refer to the SOURCE and METHOD fields for feature level metadata.
</horizpar>
</horizpa>
</posacc>
<lineage>
<srcinfo>
<srccite>
<citeinfo>
<origin>GMC</origin>
<pubdate>20070614</pubdate>
<pubtime>unknown</pubtime>
<title>Long Trail System trail map</title>
<geoform>vector digital data</geoform>
<pubinfo>
<pubplace>Waterbury Ctr, Vermont</pubplace>
<publish>GMC</publish>
</pubinfo>
</citeinfo>
</srccite>
<srcscale>Various</srcscale>
</srcinfo>
<procstep>
<procdesc>
GMC provided an LTSYSTEM shapefile to VCGI in June 2006.  VCGI drafted metadata
then loaded the data into the VGIS Data Warehouse for distribution.
</procdesc>
<procdate>20070614</procdate>
<proctime>Unknown</proctime>
<proccont>
<cntinfo>
<cntperp>
<cntper>Steve Sharp</cntper>
<cntorg>VCGI</cntorg>
</cntperp>
<cntpos>GIS Database Administrator</cntpos>
</cntinfo>
</proccont>
</procstep>
</lineage>
</dataqual>
<spdoinfo>
<indspref>LINE</indspref>
<direct>Vector</direct>
<ptvctinf>
<sdtsterm>
<sdtstype>Complete chain</sdtstype>
<ptvctcnt>number</ptvctcnt>
</sdtsterm>
</ptvctinf>
</spdoinfo>
<spref>
<horizsys>
<planar>
<gridsys>
<gridsysn>State Plane Coordinate System 1983</gridsysn>
<spcs>
<spcszone>4400</spcszone>
<transmer>
<sfctrmer>0.999964</sfctrmer>
<longcm>-72.500000</longcm>
<latprjo>42.500000</latprjo>
<feast>500000.000000</feast>
<fnorth>0.000000</fnorth>
</transmer>
</spcs>
</gridsys>
<planci>
<plance>coordinate pair</plance>
<coordrep>
<absres>0.001</absres>
<ordres>0.001</ordres>
</coordrep>
<plandu>Meters</plandu>
</planci>
</planar>
<geodetic>
<horizdn>North American Datum of 1983</horizdn>
<ellips>Geodetic Reference System 80</ellips>
<semiaxis>6378137</semiaxis>
<denflat>1 / 298.25722210</denflat>
</geodetic>
</horizsys>
<vertdef>
<altsys>
<altres>0.000100</altres>
<altenc>Explicit elevation coordinate included with horizontal coordinates</altenc>
</altsys>
</vertdef>
</spref>
<eainfo>
<detailed>
<enttyp>
<enttypl>Tourism_LTSYSTEM_line</enttypl>
</enttyp>
<attr>
<attrlabl>OBJECTID</attrlabl>
<attrdef>Internal feature number.</attrdef>
<attrdefs>ESRI</attrdefs>
<attrdomv>
<udom>Sequential unique whole numbers that are automatically generated.</udom>
</attrdomv>
</attr>
<attr>
<attrlabl>Shape</attrlabl>
<attrdef>Feature geometry.</attrdef>
<attrdefs>ESRI</attrdefs>
<attrdomv>
<udom>Coordinates defining the features.</udom>
</attrdomv>
</attr>
<attr>
<attrlabl>CLASS</attrlabl>
<attrdef>Trail classification.</attrdef>
<attrdefs>GMC</attrdefs>
</attr>
<attr>
<attrlabl>SOURCE</attrlabl>
<attrdef>Source of trail location data.</attrdef>
<attrdefs>GMC</attrdefs>
</attr>
<attr>
<attrlabl>NOTES</attrlabl>
<attrdef>General description of trail segment.</attrdef>
<attrdefs>GMC</attrdefs>
</attr>
<attr>
<attrlabl>MILES</attrlabl>
<attrdef>Mileage of segment.</attrdef>
<attrdefs>GMC</attrdefs>
</attr>
<attr>
<attrlabl>METHOD</attrlabl>
<attrdef>Method used to capture trail location such as GPS.</attrdef>
<attrdefs>GMC</attrdefs>
</attr>
<attr>
<attrlabl>UPD_DATE</attrlabl>
<attrdef>Date the trail segment of entered or updated.</attrdef>
<attrdefs>GMC</attrdefs>
</attr>
<attr>
<attrlabl>Shape_Length</attrlabl>
<attrdef>Length of feature in internal units.</attrdef>
<attrdefs>ESRI</attrdefs>
<attrdomv>
<udom>Positive real numbers that are automatically generated.</udom>
</attrdomv>
</attr>
</detailed>
</eainfo>
<distinfo>
<distrib>
<cntinfo>
<cntorgp>
<cntorg>VT Center for Geographic Information</cntorg>
</cntorgp>
<cntaddr>
<addrtype>Mailing and Physical Address</addrtype>
<address>58 South Main Street, Suite 2</address>
<city>Waterbury</city>
<state>VT</state>
<postal>05676</postal>
<country>USA</country>
</cntaddr>
<cntvoice>802/882-3000</cntvoice>
<cnttdd>None</cnttdd>
<cntfax>802/882-3001</cntfax>
<cntemail>info@vcgi.org</cntemail>
<hours>9am - 5pm, M-F</hours>
</cntinfo>
</distrib>
<resdesc>TourismTrails_LTSYSTEM</resdesc>
<distliab>VCGI and the State of Vermont make no representations of any kind, including but not limited to the warranties of merchantability or fitness for a particular use, nor are any such warranties to be implied with respect to the data.</distliab>
<stdorder>
<digform>
<digtinfo>
<formname>SHP</formname>
<formspec>ESRI Shapefile format (compressed into ZIP file format)</formspec>
<formcont>geospatial data</formcont>
<filedec>ZIP extraction tool</filedec>
</digtinfo>
<digtopt>
<onlinopt>
<computer>
<networka>
<networkr>http://www.vcgi.org/dataware/default.cfm?layer=TourismTrails_LTSYSTEM</networkr>
</networka>
</computer>
<accinstr>Download from web site.</accinstr>
</onlinopt>
<offoptn>
<offmedia>CD-ROM</offmedia>
</offoptn>
<offoptn>
<offmedia>3-1/2 inch floppy disk</offmedia>
</offoptn>
<offoptn>
<offmedia>4 mm cartridge tape</offmedia>
</offoptn>
</digtopt>
</digform>
<fees>No charge when downloading from the internet, and when no custom processing is required.</fees>
<ordering>
Download from web site or mail-fax a copy of the VCGI &apos;Data Request Form&apos; which
is available from the VGIS web site http://www.vcgi.org/dataware/order_forms
</ordering>
<turnarnd>About 5 days.</turnarnd>
</stdorder>
<custom>Mail or Fax a copy of the VCGI &apos;Data Request Form&apos; which is available from http://www.vcgi.org/dataware/order_forms</custom>
<techpreq>ESRI Arc/Info, ArcView, or ArcExplorer software.</techpreq>
<availabl>
<timeinfo>
<sngdate>
<caldate>20060601</caldate>
<time>Unknown</time>
</sngdate>
</timeinfo>
</availabl>
</distinfo>
<metainfo>
<metd>20060601</metd>
<metc>
<cntinfo>
<cntorgp>
<cntorg>VT Center for Geographic Information</cntorg>
<cntper>GIS Database Administrator</cntper>
</cntorgp>
<cntaddr>
<addrtype>Mailing and Physical Address</addrtype>
<address>58 South Main Street, Suite 2</address>
<city>Waterbury</city>
<state>VT</state>
<postal>05676</postal>
<country>USA</country>
</cntaddr>
<cntvoice>802/882-3000</cntvoice>
<cnttdd>None</cnttdd>
<cntfax>802/882-3001</cntfax>
</cntinfo>
</metc>
<metstdn>FGDC Content Standards for Digital Metadata</metstdn>
<metstdv>FGDC-STD-001-1998</metstdv>
<mettc>Local time</mettc>
<metac>None</metac>
<metuc>None</metuc>
<metsi>
<metscs>N/A</metscs>
<metsc>Unclassified</metsc>
<metshd>No security considerations</metshd>
</metsi>
</metainfo>
</metadata>
